concept,outcome
Algorithms->Non-recursive Algorithms->Search->Linear Search,Demonstrate an understanding of linear search;Analyze time complexity of linear search
Algorithms->Non-recursive Algorithms->Search->Binary Search,Demonstrate an understanding of binary search;Analyze time complexity of binary search
Algorithms->Non-recursive Algorithms->Sort,Demonstrate an understanding of sorting;
Algorithms->Non-recursive Algorithms->Sort->Insertion Sort,Demonstrate an understanding of insertion sort;Analyze time complexity of insertion sort
Algorithms->Non-recursive Algorithms->Sort->Selection Sort,Demonstrate an understanding of selection sort;Analyze time complexity of selection sort
Algorithms->Non-recursive Algorithms->Sort->Bubble Sort,Demonstrate an understanding of bubble sort;Analyze time complexity of bubble sort
Algorithms->Recursive Algorithms->Recursive Algorithms,Demonstrate an understanding of recursion
Algorithms->Recursive Algorithms->Recursive Binary Search,Demonstrate an understanding of recursive binary search algorithm
Algorithms->Recursive Algorithms->Recursive Sort->Merge Sort,Demonstrate an understanding of recursive merge sort
Algorithms->Recursive Algorithms->Recursive Sort->Quick Sort,Demonstrate an understanding of recursive quick sort